{"inference_id":"6b4596e5-61a2-4297-9172-c01bc9d4e874","time":1.0076395659998525,"image":{"width":800,"height":533},"predictions":[{"x":473.5,"y":262.5,"width":629.0,"height":525.0,"confidence":0.5353841781616211,"class":"0","class_id":0,"detection_id":"2e6d340b-5cde-4aa0-8b74-28dde10479b0"},{"x":440.0,"y":258.0,"width":700.0,"height":516.0,"confidence":0.2116708904504776,"class":"1","class_id":1,"detection_id":"af963e39-56d1-45c3-af5c-2b6dbd556f98"}]}